Organisation,Reference
Eau de Web,https://plone.org/news-and-events/events/wpd/2024/world-plone-day-2024
Interlegis Program (Federal Senate),https://plone.org/news-and-events/events/wpd/2024/world-plone-day-2024
Kombinat,https://plone.org/news-and-events/events/wpd/2024/world-plone-day-2024
Nuclia,https://plone.org/news-and-events/events/wpd/2024/world-plone-day-2024
PloneGov-BR,https://plone.org/news-and-events/events/wpd/2024/world-plone-day-2024
RedTurtle,https://plone.org/news-and-events/events/wpd/2024/world-plone-day-2024
Rohberg,https://plone.org/news-and-events/events/wpd/2024/world-plone-day-2024
Six Feet Up,https://plone.org/news-and-events/events/wpd/2024/world-plone-day-2024
Starzel,https://plone.org/news-and-events/events/wpd/2024/world-plone-day-2024
Steve Piercy - Website Builder,https://plone.org/news-and-events/events/wpd/2024/world-plone-day-2024
UNAM,https://plone.org/news-and-events/events/wpd/2024/world-plone-day-2024
University of Jyväskylä,https://plone.org/news-and-events/events/wpd/2024/world-plone-day-2024
kitconcept GmbH,https://plone.org/news-and-events/events/wpd/2024/world-plone-day-2024
